"","score","text"
"1",0,"Having trouble getting a used car? We offer flexible finance deals to suit all budgets. Simply give us a call on 01… https://t.co/clPV51ZUFM"
"2",0,"RT @YLSboutique: #reloved #bridal #bride #gown #wedding #boutique #designer #marriage #yourlittlesecret #preloved #budget #bridetobe #yesto…"
"3",0,"#reloved #bridal #bride #gown #wedding #boutique #designer #marriage #yourlittlesecret #preloved #budget #bridetobe… https://t.co/KjksG4XQPs"
"4",0,"#BoxOffice, #Budget And #Predictions Of #SonuKeTituKiSweety With #Hit / #Flop, #Posters, #Cast &amp; #Story
https://t.co/c7Po25IOPy"
"5",0,"Over 40 #Budget #Android Devices Found To Ship With #Malware Pre-Installed https://t.co/cBtWBFEnZt"
"6",0,"Serviced Apartments on budget for an undisturbed vacation with your family.
https://t.co/cYfdB9tZqD.
#StepinnHotels… https://t.co/fo5bf6fDme"
"7",1,"To all Writers...Kindly Follow your mind, As Bollywood works on Budget.
#writerslife #writers #screenplay #scenes… https://t.co/V0yr8xUeyP"
"8",-1,"RT @WIONews: The two parties, #BJP &amp; #TDP have been locked in a bitter battle ever since the Union #budget was announced. Here is why.
http…"
"9",-1,"Defence Budget under stress: Can 2018-19 be the catalyst for change?
by Group Captain Vinay Kaushal… https://t.co/xzHjBd55Tm"
"10",-1,"When the freezer doo https://t.co/dARPBNdpG1 #beliefs #budget #cash #debt #finances #food #money #moneyblueprint #muffinsamydacyczyn #soup"
"11",-1,"The two parties, #BJP &amp; #TDP have been locked in a bitter battle ever since the Union #budget was announced. Here i… https://t.co/nUMeZILfAR"
"12",0,"RT @makhaik: #HimachalBudget2018 : For a #Budget outlay of Rs 41440 Cr, #Himachal to raise Rs 11,039.6 Cr (26.64%) of loans in 2018-19  to…"
"13",1,"RT @QuirkyHomemaker: Do you take advantage of all that your library has to offer? Here's why the Cuyahoga County Public Library rocks! http…"
"14",0,"RT @NewHorizonOrg: Did you know that $23,543 is the average amount of credit card debt people who file bankruptcy have.""3 Easy Financial Mi…"
"15",0,"How to travel in #Panama on a #budget and where to stay and eat.

https://t.co/GBUgPypXMO"
"16",1,"Business networking at its best at the home of LUFC on Thurs 12 April 2018.
https://t.co/7BdyTcCjEK 
#investing… https://t.co/szmyf3FT2e"
"17",0,"Expat Life: The Cost of Living in Thailand https://t.co/GrGyEu05JP #expats #costofliving #budget"
"18",0,"#HimachalBudget2018 : For a #Budget outlay of Rs 41440 Cr, #Himachal to raise Rs 11,039.6 Cr (26.64%) of loans in 2… https://t.co/Izh52zhpMm"
"19",1,".@JustinTrudeau, I am greatly encouraged by the addition of $1.3 billion in the #budget to protect #Nature. As a Ca… https://t.co/9jfhNYdjcp"
"20",0,"Budget Monster is turning 3 and to celebrate, a 1 yr subscription is on sale for only $1/month. Save more money wit… https://t.co/kfL7zbYzkf"
"21",4,"RT @IevaIndre: Great work on #gender #budget by @ProPALOP . Initiatives such as this and the brilliant work of #SURGE_UG are paving the way…"
"22",1,"A Time-poor, Small-budget Approach to UX by @uxmastery

How to identify the most useful approach if you’ve only got… https://t.co/w2HLDjmodx"
"23",1,"Unmissably awesome!
17% off #Budget AC Room @ https://t.co/Lt5Qe2Niwf
1,200 THB-E31-$33-£27
till 31th March
#phiphi… https://t.co/basUJE6kj6"
"24",0,"Hi Carumba!
17% off #Budget AC Room @ https://t.co/xYeIdpghZ6
1,200 THB-E31-$33-£27
till 31th March
#phiphi… https://t.co/MhybYzm4ar"
"25",1,"Marketing tips for improving the bottom line - by @meganmondi https://t.co/eAFEZNZLBK [archive] #publicity #publishing #budget #marketing"
"26",1,"Budget synths are the focus for this week's #TOP5. For electronic instruments on a budget, check out our selection… https://t.co/vIRFetzoYk"
"27",0,"#reloved #bridal #bride #gown #wedding #boutique #designer #marriage #yourlittlesecret #preloved #budget #bridetobe… https://t.co/JOVT1MzRyQ"
"28",0,"RT @Saurabhjr: @jairamthakurbjp presents Rs. 41440cr #budget for 2018-19, with on 39% funds for development. Remaining goes on salaries, Pe…"
"29",1,"Hammond is set to receive a much-needed boost when his fiscal watchdog updates its economic forecasts… https://t.co/htVrn2tg55"
"30",1,"How to get Meghan Markle's stylish look and handbag - on a budget #Budget #InternationalWomen'sDay #ManoloBlahnik… https://t.co/ANoqhv36JH"
"31",0,"After laying of budget, Standing Committees review, scrutinize Demand for Grants made by several Ministries and all… https://t.co/8k9G2dhXpv"
"32",-1,"Meet People. Talk Football. Do Business.
https://t.co/7BdyTcCjEK. #investing #financial #budget #bonds #debt… https://t.co/pnAq1EEMRZ"
"33",0,"@jairamthakurbjp presents Rs. 41440cr #budget for 2018-19, with on 39% funds for development. Remaining goes on sal… https://t.co/IxIW6o0CRq"
"34",-1,"Cash Crone: The Year of the Fixer-Upper. https://t.co/QEzKd3iWef #budget #cashcrone #debt #floorplans #permits #universe"
"35",0,"RT @Sandton_News: #GautengFinance MEC #BarbaraCreecy has tabled a budget of over R121 billion, increasing by R9 billion since 2017.

The #b…"
"36",0,"#GautengFinance MEC #BarbaraCreecy has tabled a budget of over R121 billion, increasing by R9 billion since 2017.… https://t.co/0px0OfwbY4"
"37",2,"RT @SubstanceBooks: #moneymatters #BestBooks2018 - Retro #Budget Prescription Skillful #Personal #Planning by Amazon Best Selling author No…"
"38",0,"Stop Big Spending https://t.co/HY2cM6VidY You Are Spending Tomorrows Money When You Use A Credit Card! #debtfree… https://t.co/iSh2lIyzo9"
"39",1,"RT @FountainOf30: Looking for gorgeous &amp; simple ways to give your walls a makeover? https://t.co/l2MN5O3khv #diy #homedecor #decoratingtips…"
"40",1,"RT @KQSPL: Independent #testing company is respected &amp; trusted by #businesses globally to be 100% focused on getting each project done righ…"
"41",0,"RT @ProfitNetwork: How To Determine The Social Media #Budget Your #SME Business Needs by @tonyrestell https://t.co/zqgofvZ3Uw on @social_hi…"
"42",0,"How To Determine The Social Media #Budget Your #SME Business Needs by @tonyrestell https://t.co/Q3u8F81prq on… https://t.co/vlfePdKeCo"
"43",0,"RT @INCHimachal: #Budget session begins today .         Himachal pradesh congress party will target BJP govt on section 118  dilution move…"
"44",0,"RT @beckyboydgeek: How To Determine The Social Media #Budget Your #SME Business Needs by @tonyrestell https://t.co/HCa8KMd2yo on @social_hi…"
"45",0,"RT @MsChimezie: As a panel discussant on #PovertyisSexist at #pressforprogress conference of @ONECampaign, i'll focus on factors responsibl…"
"46",0,"@OPPOPhilippines just launched a new budget-friendly smartphone, the OPPO A71!
 #adobotech #OPPOA71 #Budget #Phone… https://t.co/faPHjp7P2T"
"47",0,"OPPO just launched a new budget-friendly smartphone, the OPPO A71!
 #adobotech #OPPOA71 #Budget #Phone #Selfie... https://t.co/FRTxqwegqY"
"48",1,"3 Reasons #Budget Planning Is Important https://t.co/cmbNDgsoZn #badcredithelp"
"49",0,"How To Determine The Social Media #Budget Your #SME Business Needs by @tonyrestell https://t.co/zqgofvZ3Uw on… https://t.co/YJ2Jddhx7E"
"50",0,"#reloved #bridal #bride #gown #wedding #boutique #designer #marriage #yourlittlesecret #preloved #budget #bridetobe… https://t.co/yJGOsfVKiI"
"51",0,"#Sofia hosts conference on #EU #budget
https://t.co/tyPIMeWBCv https://t.co/XDmp8QvjSH"
"52",0,"RT @DigitalKeith: How To Market Your Business On A Shoestring Budget https://t.co/FDA3jqZkwt / #Marketing #Budget #SocialMedia #SEO #Startu…"
"53",0,"How To Determine The Social Media #Budget Your #SME Business Needs by @tonyrestell https://t.co/HCa8KMd2yo on… https://t.co/SVejzB1IIf"
"54",3,"Goals for 2018? Start with Grateful. https://t.co/wNemUXbNyr #2018 #budget #grateful #gratitude #money #savingmoney #winter"
"55",-1,"RT @akashbanerjee: With India's richest 1% cornering 73% of the wealth generated last year &amp; the bottom 50% actually getting poorer; India'…"
"56",0,"#Budget Independent #Builder Floor in #Jagatpura #Jaipur https://t.co/NCWQUT9Y18"
"57",1,"Do you use any apps to track your #PersonalFinance? And what's your favorite app? #budget #income https://t.co/F6rgXmnyk4"
"58",-1,"RT @verstaadGroup: Approximately half of all shutdown projects are delayed by more than 20% and 80% go over #budget by more than 10%
One wa…"
"59",1,"Catch this!
The Best Deal!
17% off #Budget AC Room @ https://t.co/Lt5Qe2Niwf
1,200 THB-E31-$33-£27
till 31th March… https://t.co/56aiSHC7Le"
"60",1,"The Best Deal!
17% off #Budget AC Room @ https://t.co/xYeIdpxSQE
1,200 THB-E31-$33-£27
till 31th March
#phiphi… https://t.co/OPqKQaXjUh"
"61",0,"Budget Monster is turning 3 and to celebrate, a 1 yr subscription is on sale for only $1/month. Save more money wit… https://t.co/x6buFEsJKy"
"62",1,"3 Reasons #Budget Planning Is Important https://t.co/ZDcFORoNSG #badcredithelp"
"63",0,"Create the home of your dreams with Sprout design and construction.  
https://t.co/8zlzPYaGBT

#Architecture… https://t.co/734qLYwYiu"
"64",0,"#AndhraPradesh #Budget’s Rs 200 crores allocation to #MSMEs fail to woo the sector
@ncbn @minmsme @girirajsinghbjp… https://t.co/Gnykrc6UXO"
"65",1,"Myskin Facial Sheet Mask #myskin #sheetmask #budget #action #beauty #beautyblogger… https://t.co/QKAC9L2Ssy"
"66",0,"How To Determine The Social Media #Budget Your #SME Business Needs by @tonyrestell https://t.co/zahmEMfbvA on… https://t.co/oDXQ4x35tp"
"67",1,"Why is it important to have a #budget? Read more...https://t.co/Jx6kEziqWC https://t.co/9bAPkfG2qv"
"68",0,"#reloved #bridal #bride #gown #wedding #boutique #designer #marriage #yourlittlesecret #preloved #budget #bridetobe… https://t.co/f0krT0Lw9X"
"69",1,"Top 20 FII heavy stocks which rose up to 200% in 2017 saw up to 60% cut in 2018 ==&gt;&gt; https://t.co/M6UVG9o2bP… https://t.co/8tbHv7ayH2"
"70",0,"5 #Facebook #advertising tips to help you maximize your #budget in 2018. https://t.co/pierDAyY24"
"71",1,"RT @keys90india: How to Get a High End #Kitchen in Your #Budget? 
Kitchen #improvement #ideas to #renovate it
https://t.co/0xOGFUQ3kd"
"72",-3,"RT MnemonicTutor: Tired of the overpriced GPU crap? Want to build a #budget #gaming #PC that can play #eSports titl… https://t.co/t5jVTycIat"
"73",-3,"RT MnemonicTutor: Tired of the overpriced GPU crap? Want to build a #budget #gaming #PC that can play #eSports titl… https://t.co/Vah6rQVpeY"
"74",-3,"RT MnemonicTutor: Tired of the overpriced GPU crap? Want to build a #budget #gaming #PC that can play #eSports titl… https://t.co/5MkGwRJwll"
"75",-3,"RT @MnemonicTutor: Tired of the overpriced GPU crap? Want to build a #budget #gaming #PC that can play #eSports titles at #1080p max settin…"
"76",-3,"Tired of the overpriced GPU crap? Want to build a #budget #gaming #PC that can play #eSports titles at #1080p max s… https://t.co/kkMb0VzhwC"
"77",-1,"Say No To #Budget #Bullies https://t.co/I2VBymaXFK"
"78",0,"RT @Followmeaway_: These #budget tips will help you save money for #travel! #traveltips https://t.co/UQ4eXrofbG"
"79",2,"Is the lottery a good idea? Well, at the very least it may https://t.co/nl5tFWFUCq #Budget #PersonalFinance #money https://t.co/W1vfiWVoPY"
"80",0,"Agriculture an also-ran in federal budget #westcdnag #budget - Manitoba Co-operator https://t.co/7XDB4Of3Bq"
"81",2,"RT @CeriVillasBali: BALI VILLA June Offer<ed><U+00A0><U+00BD><ed><U+00B8><U+008D>Private Pool-BBQ-free Fiber WIFI<ed><U+00A0><U+00BD><ed><U+00B8><U+0087> #wonderful #life #free #lfreewifi #internet #moments #souvenirs…"
"82",-1,"RT @britishberliner: If you're thinking of #Switzerland, it's best to stick to a #budget 'cos it's terribly #expensive! Prepare yourself fo…"
"83",-1,"#Restaurant #dining on a budget? It can be done! https://t.co/vVm7wP8XK1 #budget #debt"
"84",0,"Unmissable!
17% off #Budget AC Room @ https://t.co/xYeIdpxSQE
1,200 THB-E31-$33-£27
till 31th March
#phiphi… https://t.co/scub8Vv7aZ"
"85",1,"Unmissably awesome!
17% off #Budget AC Room @ https://t.co/Lt5Qe34TnN
1,200 THB-E31-$33-£27
till 31th March
#phiphi… https://t.co/P2UecYGFEC"
"86",2,"Award winning Customer Service, quickest turnaround and lower #mailing #costs https://t.co/Dad5NjupeN #mail #post… https://t.co/OR7AWQSRJC"
"87",0,"#reloved #bridal #bride #gown #wedding #boutique #designer #marriage #yourlittlesecret #preloved #budget #bridetobe… https://t.co/UyXS0WecxL"
"88",-1,"If you're thinking of #Switzerland, it's best to stick to a #budget 'cos it's terribly #expensive! Prepare yourself… https://t.co/ED9yZDDhRh"
"89",0,"Follow @SightsIn1 It's Value Addition to CAREER!

Sharing key highlights of Budget 2018 with HR Professionals' comm… https://t.co/g7Lul295Qq"
"90",0,"#Cash Crone: 2016 - The Year of the Fixer Upper https://t.co/RPlCdlFyiu #adventure #bills #budget"
"91",0,"Is It Time To Reevaluate Your Small Business Budget? https://t.co/FtGDpMs1I8 #SMB #budget https://t.co/24dhT0uA35"
"92",2,"RT @CeriVillasBali: BALI VILLA June Offer<ed><U+00A0><U+00BD><ed><U+00B8><U+008D>Private Pool-BBQ-free Fiber WIFI<ed><U+00A0><U+00BD><ed><U+00B8><U+0087> #wonderful #life #free #lfreewifi #internet #moments #souvenirs…"
